modele,strate,mesure,P,O_type_indices,Lambda,IC_Lambda_inf,IC_Lambda_sup,classe_N,Delta_etoile,IC_Delta_inf,IC_Delta_sup,epsilon_etoile,classe_C
gpt2,S3,LOO,360,2.258333,0.01966146,0.00833333,0.03107747,HAUT,0.37522978,0.36526144,0.38525595,0.30417024,c-cent
gpt2,S2,LOO,540,0.627778,-0.00581597,-0.00810185,-0.00376085,BAS,0.33999523,0.32853848,0.35159335,0.27642531,c-cent
gpt2,S1,LOO,2160,1.241204,0.00376881,0.00007500,0.00876326,ind_L,0.36389527,0.35434305,0.37508867,0.36160991,ind_Δ
gpt2,S0,LOO,7560,0.672354,-0.00511946,-0.00635359,-0.00379308,BAS,0.31995665,0.31208541,0.32828043,0.31371412,ind_Δ
gpt2,S3,LOO_sous_ensemble,120,2.358333,0.02122396,0.00585938,0.04231771,HAUT,0.38074449,0.36622932,0.39422488,0.31037875,c-cent
gpt2,S2,LOO_sous_ensemble,240,0.554167,-0.00696615,-0.00957031,-0.00423177,BAS,0.34419041,0.33153608,0.35808824,0.28018784,c-cent
gpt2,S1,LOO_sous_ensemble,1128,1.257092,0.00401707,-0.00086410,0.00952621,ind_L,0.36507956,0.35240701,0.37778968,0.36184118,ind_Δ
gpt2,S0,LOO_sous_ensemble,3732,0.687567,-0.00488177,-0.00640656,-0.00339674,BAS,0.31971182,0.31153344,0.32839420,0.31321615,ind_Δ
gpt2,S3,split-half,120,2.633333,0.02552083,0.00820313,0.04752930,HAUT,0.37734375,0.36427677,0.38978248,0.30724188,c-cent
gpt2,S2,split-half,240,0.620833,-0.00592448,-0.00885417,-0.00279948,BAS,0.34401425,0.33213829,0.35683622,0.27980756,c-cent
gpt2,S1,split-half,1128,1.404255,0.00631649,0.00140444,0.01223810,HAUT,0.36372777,0.35131375,0.37633159,0.36071194,ind_Δ
gpt2,S0,split-half,3732,0.676313,-0.00505761,-0.00681312,-0.00345246,BAS,0.32080728,0.31266284,0.32924592,0.31430668,ind_Δ
HuggingFaceTB/SmolLM2-360M,S3,LOO,360,1.550000,0.00859375,0.00303819,0.01488824,HAUT,0.43547794,0.42653442,0.44337227,0.35207108,c-cent
HuggingFaceTB/SmolLM2-360M,S2,LOO,540,0.677778,-0.00503472,-0.00616319,-0.00405093,BAS,0.39130583,0.37928228,0.40416713,0.31762527,c-cent
HuggingFaceTB/SmolLM2-360M,S1,LOO,2160,1.200926,0.00313947,-0.00022802,0.00707619,ind_L,0.42633655,0.41598270,0.43462783,0.42453802,ind_Δ
HuggingFaceTB/SmolLM2-360M,S0,LOO,7560,0.669048,-0.00517113,-0.00601805,-0.00416406,BAS,0.38780807,0.38209434,0.39487664,0.38326194,ind_Δ
HuggingFaceTB/SmolLM2-360M,S3,LOO_sous_ensemble,120,1.550000,0.00859375,-0.00104167,0.02018555,ind_L,0.43957567,0.42872243,0.45153971,0.35601333,c-cent
HuggingFaceTB/SmolLM2-360M,S2,LOO_sous_ensemble,240,0.725000,-0.00429688,-0.00585938,-0.00279948,BAS,0.38817019,0.37631731,0.40041801,0.31537397,c-cent
HuggingFaceTB/SmolLM2-360M,S1,LOO_sous_ensemble,1128,1.265957,0.00415559,-0.00066362,0.01043428,ind_L,0.42956446,0.41785362,0.43961628,0.42703214,ind_Δ
HuggingFaceTB/SmolLM2-360M,S0,LOO_sous_ensemble,3732,0.671490,-0.00513297,-0.00655244,-0.00346891,BAS,0.38830750,0.38246023,0.39500414,0.38339168,ind_Δ
HuggingFaceTB/SmolLM2-360M,S3,split-half,120,1.900000,0.01406250,0.00195312,0.02838542,ind_L,0.43483456,0.42516831,0.44495251,0.35164790,c-cent
HuggingFaceTB/SmolLM2-360M,S2,split-half,240,0.654167,-0.00540365,-0.00735677,-0.00351563,BAS,0.39002374,0.37897490,0.40210650,0.31645278,c-cent
HuggingFaceTB/SmolLM2-360M,S1,split-half,1128,1.478723,0.00748005,0.00172725,0.01489164,HAUT,0.42696926,0.41602834,0.43533369,0.42510018,ind_Δ
HuggingFaceTB/SmolLM2-360M,S0,split-half,3732,0.693462,-0.00478966,-0.00624629,-0.00319262,BAS,0.38866880,0.38284688,0.39538046,0.38388418,ind_Δ
Qwen/Qwen2.5-1.5B,S3,LOO,360,1.763889,0.01193576,0.00277778,0.02196181,HAUT,0.30454708,0.29631842,0.31303622,0.24684360,c-cent
Qwen/Qwen2.5-1.5B,S2,LOO,540,0.753704,-0.00384838,-0.00512153,-0.00237269,BAS,0.26843852,0.25941747,0.27733873,0.21885255,c-cent
Qwen/Qwen2.5-1.5B,S1,LOO,2160,1.030556,0.00047743,-0.00189863,0.00401129,ind_L,0.28743192,0.27843123,0.29948868,0.28465304,ind_Δ
Qwen/Qwen2.5-1.5B,S0,LOO,7560,0.656878,-0.00536128,-0.00610462,-0.00450597,BAS,0.25176286,0.24579715,0.25793118,0.24657984,ind_Δ
Qwen/Qwen2.5-1.5B,S3,LOO_sous_ensemble,120,1.450000,0.00703125,-0.00117187,0.01627604,ind_L,0.31313572,0.29911880,0.32699946,0.25595129,c-cent
Qwen/Qwen2.5-1.5B,S2,LOO_sous_ensemble,240,0.816667,-0.00286458,-0.00455729,-0.00097656,BAS,0.26511949,0.25695083,0.27343003,0.21568666,c-cent
Qwen/Qwen2.5-1.5B,S1,LOO_sous_ensemble,1128,1.090426,0.00141290,-0.00165408,0.00556646,ind_L,0.28968665,0.27933441,0.30181732,0.28689660,ind_Δ
Qwen/Qwen2.5-1.5B,S0,LOO_sous_ensemble,3732,0.661040,-0.00529626,-0.00625217,-0.00427065,BAS,0.25263397,0.24636953,0.25902957,0.24766874,ind_Δ
Qwen/Qwen2.5-1.5B,S3,split-half,120,1.708333,0.01106771,0.00155924,0.02122396,ind_L,0.31064645,0.29800054,0.32349131,0.25325597,c-cent
Qwen/Qwen2.5-1.5B,S2,split-half,240,0.816667,-0.00286458,-0.00462240,-0.00065104,BAS,0.26664369,0.25953546,0.27341079,0.21633100,c-cent
Qwen/Qwen2.5-1.5B,S1,split-half,1128,1.195922,0.00306128,-0.00049272,0.00819651,ind_L,0.28949843,0.27990952,0.30059563,0.28683978,ind_Δ
Qwen/Qwen2.5-1.5B,S0,split-half,3732,0.667471,-0.00519577,-0.00618249,-0.00403306,BAS,0.25403481,0.24781627,0.26033982,0.24898792,ind_Δ
