modele,condition,strate,P,O_fraction,O_indices,mediane,IQR_bas,IQR_haut,f,sigma_pm,cos_moyen,corr_O_cos,p_sym_median,p_pair_median,p_sym_cellule_realise_median,exces_O_moins_p_sym_realise,p_sym_cellule_theorique,exces_O_moins_p_sym_theorique
gpt2,aucun,S3,360,5993/23040,16.647222,16/1,13/1,20/1,0.279088,1/1,0.276588,0.9954355385830933,14,4,14,2.647222,14,2.647222
gpt2,aucun,S2,540,3389/17280,12.551852,12/1,10/1,15/1,0.208951,1/1,0.206957,0.9916873256570635,10,2,10,2.551852,10,2.551852
gpt2,aucun,S1,2160,32251/138240,14.931019,14/1,12/1,18/1,0.250216,1/1,0.247890,0.9936460703807242,12,3,12,2.931019,13,1.931019
gpt2,aucun,S0,7560,17287/96768,11.433201,11/1,9/1,14/1,0.190521,1/1,0.188646,0.9918916496986513,9,2,9,2.433201,9,2.433201
gpt2,glob,S3,360,109/2880,2.422222,2/1,1/1,3/1,0.040510,106/109,0.038102,0.9807278864500983,1,1,1,1.422222,2,0.422222
gpt2,glob,S2,540,137/11520,0.761111,1/1,0/1,1/1,0.011991,329/411,0.007281,0.5939354259922913,1,1,1,-0.238889,1,-0.238889
gpt2,glob,S1,2160,155/6912,1.435185,1/1,0/1,2/1,0.023551,747/775,0.021719,0.9619417066172987,1,1,1,0.435185,1,0.435185
gpt2,glob,S0,7560,2431/241920,0.643122,0/1,0/1,1/1,0.010154,2715/4862,0.001214,0.182331342237463,0,0,0,0.643122,1,-0.356878
gpt2,type,S3,360,271/7680,2.258333,1/1,0/1,3/1,0.037642,262/271,0.034929,0.9766417659899872,1,1,1,1.258333,2,0.258333
gpt2,type,S2,540,113/11520,0.627778,0/1,0/1,1/1,0.009796,223/339,0.003091,0.27710912582421887,0,0,0,0.627778,1,-0.372222
gpt2,type,S1,2160,2681/138240,1.241204,1/1,0/1,2/1,0.020322,2525/2681,0.017902,0.9402798686728416,1,1,1,0.241204,1,0.241204
gpt2,type,S0,7560,5083/483840,0.672354,0/1,0/1,1/1,0.010597,1994/5083,-0.002299,-0.18276197398611388,0,0,0,0.672354,0,0.672354
gpt2,auto,S3,360,2999/11520,16.661111,16/1,13/1,20/1,0.279343,1/1,0.276829,0.9955947297599791,14,4,14,2.661111,14,2.661111
gpt2,auto,S2,540,6781/34560,12.557407,12/1,10/1,15/1,0.209036,1/1,0.207038,0.9915807681784201,10,2,10,2.557407,10,2.557407
gpt2,auto,S1,2160,32309/138240,14.957870,14/1,12/1,18/1,0.250545,1/1,0.248217,0.9935092001004513,12,3,12,2.957870,13,1.957870
gpt2,auto,S0,7560,86399/483840,11.428439,11/1,9/1,14/1,0.190409,1/1,0.188536,0.9918777049501984,9,2,9,2.428439,9,2.428439
gpt2,plac,S3,360,53597/130560,26.273039,445/17,392/17,29/1,0.634434,1/1,0.632204,0.9900272126290488,23,4,23,3.273039,ABSENT,ABSENT
gpt2,plac,S2,540,205517/587520,22.387473,379/17,353/17,406/17,0.592175,1/1,0.590015,0.9657157734511073,19,1,19,3.387473,ABSENT,ABSENT
gpt2,plac,S1,2160,22519/58752,24.530501,411/17,378/17,452/17,0.615734,1/1,0.613509,0.983927971553683,21,2,21,3.530501,ABSENT,ABSENT
gpt2,plac,S0,7560,1573/4760,21.149580,358/17,331/17,386/17,0.578723,1/1,0.576557,0.9674969376899938,17,1,17,4.149580,ABSENT,ABSENT
gpt2,type_sh,S3,120,79/1920,2.633333,2/1,0/1,4/1,0.043654,311/316,0.041787,0.9842024468772614,1,1,1,1.633333,2,0.633333
gpt2,type_sh,S2,240,149/15360,0.620833,0/1,0/1,1/1,0.009566,109/149,0.004547,0.4050851752451274,0,0,0,0.620833,1,-0.379167
gpt2,type_sh,S1,1128,33/1504,1.404255,1/1,0/1,2/1,0.022993,1513/1584,0.020824,0.9568585372942361,1,1,1,0.404255,1,0.404255
gpt2,type_sh,S0,3732,631/59712,0.676313,0/1,0/1,1/1,0.010776,611/1262,-0.000319,0.09941506140090113,0,0,0,0.676313,0,0.676313
gpt2,plac_sh,S3,120,1607/3840,26.783333,27/1,398/17,503/17,0.640933,1/1,0.638671,0.9890303390185434,23,4,23,3.783333,ABSENT,ABSENT
gpt2,plac_sh,S2,240,46181/130560,22.637745,387/17,355/17,412/17,0.595234,1/1,0.593079,0.9718162922673348,19,1,19,3.637745,ABSENT,ABSENT
gpt2,plac_sh,S1,1128,236659/613632,24.682833,414/17,379/17,453/17,0.618346,1/1,0.616135,0.9855610678337263,21,2,21,3.682833,ABSENT,ABSENT
gpt2,plac_sh,S0,3732,1345519/4060416,21.207979,358/17,331/17,387/17,0.579918,1/1,0.577750,0.9693180168823052,17,1,17,4.207979,ABSENT,ABSENT
gpt2,type_loo_sub,S3,120,283/7680,2.358333,1/1,0/1,4/1,0.038481,273/283,0.035554,0.9708194486834184,1,1,1,1.358333,2,0.358333
gpt2,type_loo_sub,S2,240,133/15360,0.554167,0/1,0/1,1/1,0.008613,94/133,0.003595,0.3556313770751169,0,0,0,0.554167,1,-0.445833
gpt2,type_loo_sub,S1,1128,709/36096,1.257092,1/1,0/1,2/1,0.020630,1341/1418,0.018298,0.9460822255851127,1,1,1,0.257092,1,0.257092
gpt2,type_loo_sub,S0,3732,1283/119424,0.687567,0/1,0/1,1/1,0.010884,1117/2566,-0.001419,-0.05667275644697286,0,0,0,0.687567,0,0.687567
gpt2,plac_loo_sub,S3,120,54521/130560,26.725980,458/17,397/17,501/17,0.639759,1/1,0.637496,0.9884678835757883,23,4,23,3.725980,ABSENT,ABSENT
gpt2,plac_loo_sub,S2,240,3839/10880,22.582353,386/17,355/17,410/17,0.593945,1/1,0.591788,0.9715669526366412,19,1,19,3.582353,ABSENT,ABSENT
gpt2,plac_loo_sub,S1,1128,157385/409088,24.622184,413/17,377/17,452/17,0.617082,1/1,0.614869,0.9850979953286353,21,2,21,3.622184,ABSENT,ABSENT
gpt2,plac_loo_sub,S0,3732,1341785/4060416,21.149124,21/1,330/17,386/17,0.578575,1/1,0.576406,0.9686977156360457,17,1,17,4.149124,ABSENT,ABSENT
HuggingFaceTB/SmolLM2-360M,aucun,S3,360,485/1536,20.208333,20/1,16/1,24/1,0.339670,1/1,0.336841,0.9949101822174422,18,6,18,2.208333,18,2.208333
HuggingFaceTB/SmolLM2-360M,aucun,S2,540,559/2304,15.527778,15/1,13/1,18/1,0.258876,1/1,0.256561,0.9927409159551588,13,3,13,2.527778,13,2.527778
HuggingFaceTB/SmolLM2-360M,aucun,S1,2160,20669/69120,19.137963,19/1,16/1,23/1,0.320063,1/1,0.317424,0.9942541048956625,17,5,17,2.137963,17,2.137963
HuggingFaceTB/SmolLM2-360M,aucun,S0,7560,58789/241920,15.552646,16/1,13/1,18/1,0.259106,1/1,0.256770,0.9931137998450364,13,3,13,2.552646,13,2.552646
HuggingFaceTB/SmolLM2-360M,glob,S3,360,43/1440,1.911111,1/1,0/1,3/1,0.031128,673/688,0.029569,0.9823949100281332,1,1,1,0.911111,2,-0.088889
HuggingFaceTB/SmolLM2-360M,glob,S2,540,373/34560,0.690741,0/1,0/1,1/1,0.011017,255/373,0.003929,0.26919598330168065,0,0,0,0.690741,1,-0.309259
HuggingFaceTB/SmolLM2-360M,glob,S1,2160,3131/138240,1.449537,1/1,0/1,2/1,0.023402,2981/3131,0.021042,0.9434026812891699,1,1,1,0.449537,1,0.449537
HuggingFaceTB/SmolLM2-360M,glob,S0,7560,1007/96768,0.666005,0/1,0/1,1/1,0.010514,58/95,0.002332,0.32077847700778517,0,0,0,0.666005,1,-0.333995
HuggingFaceTB/SmolLM2-360M,type,S3,360,31/1280,1.550000,1/1,0/1,2/1,0.025369,269/279,0.023462,0.9654149679348769,1,1,1,0.550000,1,0.550000
HuggingFaceTB/SmolLM2-360M,type,S2,540,61/5760,0.677778,0/1,0/1,1/1,0.010894,181/366,-0.000187,-0.13379297409706095,0,0,0,0.677778,0,0.677778
HuggingFaceTB/SmolLM2-360M,type,S1,2160,1297/69120,1.200926,1/1,0/1,2/1,0.019258,2383/2594,0.016057,0.8935272468033066,1,1,1,0.200926,1,0.200926
HuggingFaceTB/SmolLM2-360M,type,S0,7560,281/26880,0.669048,0/1,0/1,1/1,0.010526,2039/5058,-0.002100,-0.15211272801816403,0,0,0,0.669048,0,0.669048
HuggingFaceTB/SmolLM2-360M,auto,S3,360,7319/23040,20.330556,20/1,17/1,24/1,0.341941,1/1,0.339071,0.9945801165982873,18,6,18,2.330556,18,2.330556
HuggingFaceTB/SmolLM2-360M,auto,S2,540,2113/8640,15.651852,16/1,13/1,18/1,0.261010,1/1,0.258657,0.9928717554103229,13,3,13,2.651852,13,2.651852
HuggingFaceTB/SmolLM2-360M,auto,S1,2160,2767/9216,19.215278,19/1,16/1,22/1,0.321627,1/1,0.318959,0.994183102322522,17,5,17,2.215278,17,2.215278
HuggingFaceTB/SmolLM2-360M,auto,S0,7560,1231/5040,15.631746,16/1,13/1,18/1,0.260631,1/1,0.258260,0.9929680653736714,13,3,13,2.631746,13,2.631746
HuggingFaceTB/SmolLM2-360M,plac,S3,360,10003/21760,29.420588,498/17,456/17,539/17,0.701577,1/1,0.699736,0.9939366346581401,27,6,27,2.420588,ABSENT,ABSENT
HuggingFaceTB/SmolLM2-360M,plac,S2,540,118061/293760,25.721351,435/17,406/17,471/17,0.665689,1/1,0.663798,0.9876115693804696,23,2,23,2.721351,ABSENT,ABSENT
HuggingFaceTB/SmolLM2-360M,plac,S1,2160,1046023/2350080,28.486465,484/17,448/17,521/17,0.692558,1/1,0.690685,0.9913253351851269,25,5,25,3.486465,ABSENT,ABSENT
HuggingFaceTB/SmolLM2-360M,plac,S0,7560,409477/1028160,25.488764,433/17,403/17,463/17,0.663475,1/1,0.661587,0.9856984610770836,22,2,22,3.488764,ABSENT,ABSENT
HuggingFaceTB/SmolLM2-360M,type_sh,S3,120,19/640,1.900000,1/1,0/1,3/1,0.030430,73/76,0.027948,0.9671079054166535,1,1,1,0.900000,2,-0.100000
HuggingFaceTB/SmolLM2-360M,type_sh,S2,240,157/15360,0.654167,0/1,0/1,1/1,0.010821,81/157,0.000341,0.010359830938984266,0,0,0,0.654167,1,-0.345833
HuggingFaceTB/SmolLM2-360M,type_sh,S1,1128,139/6016,1.478723,1/1,0/1,2/1,0.023914,1577/1668,0.021233,0.9251138616158896,1,1,1,0.478723,1,0.478723
HuggingFaceTB/SmolLM2-360M,type_sh,S0,3732,647/59712,0.693462,0/1,0/1,1/1,0.010906,1315/2588,0.000205,0.06644351504186272,0,0,0,0.693462,1,-0.306538
HuggingFaceTB/SmolLM2-360M,plac_sh,S3,120,2527/5440,29.729412,503/17,471/17,32/1,0.704898,1/1,0.703041,0.9938556004936775,27,7,27,2.729412,ABSENT,ABSENT
HuggingFaceTB/SmolLM2-360M,plac_sh,S2,240,1633/4080,25.615686,433/17,409/17,471/17,0.665215,1/1,0.663304,0.9881786898286683,22,2,22,3.615686,ABSENT,ABSENT
HuggingFaceTB/SmolLM2-360M,plac_sh,S1,1128,23015/51136,28.804756,490/17,454/17,529/17,0.696100,1/1,0.694231,0.9925223092697584,26,5,26,2.804756,ABSENT,ABSENT
HuggingFaceTB/SmolLM2-360M,plac_sh,S0,3732,1622153/4060416,25.568265,434/17,405/17,464/17,0.664777,1/1,0.662895,0.986784748685346,22,2,22,3.568265,ABSENT,ABSENT
HuggingFaceTB/SmolLM2-360M,type_loo_sub,S3,120,31/1280,1.550000,1/1,0/1,2/1,0.024856,30/31,0.023147,0.9698508573255451,1,1,1,0.550000,1,0.550000
HuggingFaceTB/SmolLM2-360M,type_loo_sub,S2,240,29/2560,0.725000,0/1,0/1,1/1,0.011922,38/87,-0.001453,-0.19181029243373268,0,0,0,0.725000,0,0.725000
HuggingFaceTB/SmolLM2-360M,type_loo_sub,S1,1128,119/6016,1.265957,1/1,0/1,2/1,0.020393,332/357,0.017514,0.9071788915324501,1,1,1,0.265957,1,0.265957
HuggingFaceTB/SmolLM2-360M,type_loo_sub,S0,3732,1253/119424,0.671490,0/1,0/1,1/1,0.010550,1051/2506,-0.001730,-0.1344016807825179,0,0,0,0.671490,0,0.671490
HuggingFaceTB/SmolLM2-360M,plac_loo_sub,S3,120,60553/130560,29.682843,503/17,470/17,541/17,0.703982,1/1,0.702119,0.9935414002360377,27,7,27,2.682843,ABSENT,ABSENT
HuggingFaceTB/SmolLM2-360M,plac_loo_sub,S2,240,104317/261120,25.567892,431/17,407/17,469/17,0.664208,1/1,0.662293,0.9876985582107136,22,2,22,3.567892,ABSENT,ABSENT
HuggingFaceTB/SmolLM2-360M,plac_loo_sub,S1,1128,551465/1227264,28.758083,490/17,452/17,528/17,0.695168,1/1,0.693296,0.9920518958830983,26,5,26,2.758083,ABSENT,ABSENT
HuggingFaceTB/SmolLM2-360M,plac_loo_sub,S0,3732,134941/338368,25.523170,433/17,404/17,463/17,0.663786,1/1,0.661902,0.9859279865771329,22,2,22,3.523170,ABSENT,ABSENT
Qwen/Qwen2.5-1.5B,aucun,S3,360,1543/7680,12.858333,12/1,9/1,16/1,0.220877,1/1,0.218442,0.9925241475003915,10,2,10,2.858333,11,1.858333
Qwen/Qwen2.5-1.5B,aucun,S2,540,649/4320,9.614815,9/1,7/1,12/1,0.165610,1/1,0.163589,0.9885791398743013,7,1,7,2.614815,8,1.614815
Qwen/Qwen2.5-1.5B,aucun,S1,2160,1199/6912,11.101852,11/1,8/1,14/1,0.190492,1/1,0.188322,0.9905704651341267,9,2,9,2.101852,9,2.101852
Qwen/Qwen2.5-1.5B,aucun,S0,7560,4373/32256,8.676587,8/1,6/1,11/1,0.148958,1/1,0.147121,0.9887345918786936,7,1,7,1.676587,7,1.676587
Qwen/Qwen2.5-1.5B,glob,S3,360,5/128,2.500000,2/1,1/1,4/1,0.041521,889/900,0.040164,0.9878372922786096,2,1,2,0.500000,2,0.500000
Qwen/Qwen2.5-1.5B,glob,S2,540,131/8640,0.970370,1/1,0/1,1/1,0.015780,471/524,0.012446,0.7952838121043379,1,1,1,-0.029630,1,-0.029630
Qwen/Qwen2.5-1.5B,glob,S1,2160,53/2160,1.570370,1/1,0/1,2/1,0.025881,1655/1696,0.024442,0.9689921710815451,1,1,1,0.570370,1,0.570370
Qwen/Qwen2.5-1.5B,glob,S0,7560,79/6912,0.731481,0/1,0/1,1/1,0.011674,4379/5530,0.006826,0.6611435114353719,0,0,0,0.731481,1,-0.268519
Qwen/Qwen2.5-1.5B,type,S3,360,127/4608,1.763889,1/1,0/1,2/1,0.028966,123/127,0.026966,0.9722395867150192,1,1,1,0.763889,2,-0.236111
Qwen/Qwen2.5-1.5B,type,S2,540,407/34560,0.753704,1/1,0/1,1/1,0.012030,271/407,0.003999,0.31179903671581966,1,1,1,-0.246296,1,-0.246296
Qwen/Qwen2.5-1.5B,type,S1,2160,371/23040,1.030556,1/1,0/1,2/1,0.016596,142/159,0.013056,0.8457863918354922,1,1,1,0.030556,1,0.030556
Qwen/Qwen2.5-1.5B,type,S0,7560,2483/241920,0.656878,0/1,0/1,1/1,0.010399,1019/2483,-0.001877,-0.14938544634802872,0,0,0,0.656878,0,0.656878
Qwen/Qwen2.5-1.5B,auto,S3,360,4621/23040,12.836111,13/1,9/1,16/1,0.220380,1/1,0.217962,0.9925832505651796,10,2,10,2.836111,11,1.836111
Qwen/Qwen2.5-1.5B,auto,S2,540,1297/8640,9.607407,9/1,7/1,12/1,0.165313,1/1,0.163329,0.9894182956871856,7,1,7,2.607407,8,1.607407
Qwen/Qwen2.5-1.5B,auto,S1,2160,11903/69120,11.021296,11/1,8/1,13/1,0.189126,1/1,0.186994,0.9905345581120933,9,2,9,2.021296,9,2.021296
Qwen/Qwen2.5-1.5B,auto,S0,7560,32617/241920,8.628836,8/1,6/1,11/1,0.148078,1/1,0.146269,0.9890228157614067,7,1,7,1.628836,7,1.628836
Qwen/Qwen2.5-1.5B,plac,S3,360,271/816,21.254902,356/17,310/17,407/17,0.679455,1/1,0.677811,0.9804359901765278,19,1,19,2.254902,ABSENT,ABSENT
Qwen/Qwen2.5-1.5B,plac,S2,540,20579/73440,17.933769,308/17,273/17,338/17,0.651465,1/1,0.649889,0.9703238656775405,16,1,16,1.933769,ABSENT,ABSENT
Qwen/Qwen2.5-1.5B,plac,S1,2160,71333/235008,19.426198,329/17,291/17,366/17,0.664055,1/1,0.662459,0.9753635809813774,17,1,17,2.426198,ABSENT,ABSENT
Qwen/Qwen2.5-1.5B,plac,S0,7560,359207/1370880,16.769701,284/17,253/17,315/17,0.641514,1/1,0.639995,0.9686799712848235,15,1,15,1.769701,ABSENT,ABSENT
Qwen/Qwen2.5-1.5B,type_sh,S3,120,41/1536,1.708333,1/1,0/1,2/1,0.027757,201/205,0.026439,0.9684450150097745,1,1,1,0.708333,2,-0.291667
Qwen/Qwen2.5-1.5B,type_sh,S2,240,49/3840,0.816667,1/1,0/1,1/1,0.013056,39/49,0.007712,0.5255155807042874,1,1,1,-0.183333,1,-0.183333
Qwen/Qwen2.5-1.5B,type_sh,S1,1128,1349/72192,1.195922,1/1,0/1,2/1,0.019188,1257/1349,0.016499,0.9120489166308757,1,1,1,0.195922,1,0.195922
Qwen/Qwen2.5-1.5B,type_sh,S0,3732,2491/238848,0.667471,0/1,0/1,1/1,0.010554,1257/2491,0.000095,0.09503139346063137,0,0,0,0.667471,1,-0.332529
Qwen/Qwen2.5-1.5B,plac_sh,S3,120,14681/43520,21.589706,367/17,330/17,24/1,0.684367,1/1,0.682720,0.9761934798001041,19,1,19,2.589706,ABSENT,ABSENT
Qwen/Qwen2.5-1.5B,plac_sh,S2,240,36479/130560,17.881863,305/17,275/17,20/1,0.652296,1/1,0.650719,0.9710043509661652,16,1,16,1.881863,ABSENT,ABSENT
Qwen/Qwen2.5-1.5B,plac_sh,S1,1128,23639/76704,19.723821,333/17,296/17,372/17,0.668305,1/1,0.666710,0.97539125914668,18,1,18,1.723821,ABSENT,ABSENT
Qwen/Qwen2.5-1.5B,plac_sh,S0,3732,536917/2030208,16.925698,288/17,256/17,317/17,0.644311,1/1,0.642787,0.968278070756983,15,1,15,1.925698,ABSENT,ABSENT
Qwen/Qwen2.5-1.5B,type_loo_sub,S3,120,29/1280,1.450000,1/1,0/1,2/1,0.023156,86/87,0.022416,0.9874780783824506,1,1,1,0.450000,1,0.450000
Qwen/Qwen2.5-1.5B,type_loo_sub,S2,240,49/3840,0.816667,1/1,0/1,1/1,0.013233,5/7,0.005733,0.38500447035910756,1,1,1,-0.183333,1,-0.183333
Qwen/Qwen2.5-1.5B,type_loo_sub,S1,1128,205/12032,1.090426,1/1,0/1,2/1,0.017483,568/615,0.014742,0.8895445155212914,1,1,1,0.090426,1,0.090426
Qwen/Qwen2.5-1.5B,type_loo_sub,S0,3732,2467/238848,0.661040,0/1,0/1,1/1,0.010477,1029/2467,-0.001749,-0.10668968753306214,0,0,0,0.661040,0,0.661040
Qwen/Qwen2.5-1.5B,plac_loo_sub,S3,120,43841/130560,21.490686,364/17,329/17,406/17,0.682203,1/1,0.680551,0.975439363235492,19,1,19,2.490686,ABSENT,ABSENT
Qwen/Qwen2.5-1.5B,plac_loo_sub,S2,240,907/3264,17.784314,305/17,274/17,337/17,0.649974,1/1,0.648395,0.9698773416858146,16,1,16,1.784314,ABSENT,ABSENT
Qwen/Qwen2.5-1.5B,plac_loo_sub,S1,1128,23527/76704,19.630371,332/17,294/17,370/17,0.666094,1/1,0.664496,0.9750463116735051,18,1,18,1.630371,ABSENT,ABSENT
Qwen/Qwen2.5-1.5B,plac_loo_sub,S0,3732,533869/2030208,16.829614,286/17,15/1,315/17,0.641953,1/1,0.640427,0.9672904199691514,15,1,15,1.829614,ABSENT,ABSENT
