modele,condition,strate,P,n_vide,somme_inter,rho_Base,rho_chapeau_Base,R_Base,IC_R_inf,IC_R_sup,epsilon_R,epsilon_R_centre,classe_R,classe_R_centre,Delta_Base,IC_D_inf,IC_D_sup,epsilon_B,Delta_chapeau_Base,ecart_Delta_moins_chapeau,ecart_sur_epsilon_B,classe_Delta,classe_B,sigma_pm,sigma_hat_pool,Psi,sigma_hat_pool_z,Psi_z,sigma_hat_pool_tronque,Psi_tronque,classe_Sigma_h,classe_Sigma_z,classe_Sigma_tronque,classe_Sigma_monotone_PROMUE,classe_Sigma_deux_points_DESCRIPTIVE,profil_monotone,n_inversions,N_eff_variance,DEFF,rho_ic,cos_moyen_h,gamma_moyen_h,vivier_min,vivier_max
gpt2,aucun,S3,360,0,5993,0.6172,0.6239,-0.0066,-0.0864,0.0739,0.0808,0.0801,R-nul,R-nul,0.1467,0.1085,0.1916,0.0307,0.1388,0.0078,0.2558,Δ-priv,B-haut,1.0000,1.0000,0.0000,1.0000,0.0000,0.9897,0.0103,Σ-epuise,Σ-epuise,Σ-epuise,Σ-epuise,Σ-epuise,True,0,SANS_OBJET,SANS_OBJET,SANS_OBJET,0.7434,0.8063,1,1
gpt2,aucun,S2,540,0,6778,0.7030,0.7076,-0.0046,-0.0815,0.0732,0.0776,0.0773,R-nul,R-nul,SANS_OBJET,SANS_OBJET,SANS_OBJET,SANS_OBJET,SANS_OBJET,SANS_OBJET,SANS_OBJET,Δ-sansobjet,B-haut,1.0000,1.0000,0.0000,1.0000,0.0000,0.9725,0.0275,Σ-epuise,Σ-epuise,Σ-epuise,Σ-epuise,Σ-epuise,True,0,SANS_OBJET,SANS_OBJET,SANS_OBJET,0.6804,0.8065,0,0
gpt2,aucun,S1,2160,0,32251,0.6512,0.6576,-0.0063,-0.0870,0.0735,0.0811,0.0802,R-nul,R-nul,0.2177,0.1895,0.2485,0.0202,0.2050,0.0127,0.6275,Δ-priv,B-haut,1.0000,1.0000,0.0000,1.0000,0.0000,0.9849,0.0151,Σ-epuise,Σ-epuise,Σ-epuise,Σ-epuise,Σ-epuise,True,0,SANS_OBJET,SANS_OBJET,SANS_OBJET,0.7177,0.8064,9,9
gpt2,aucun,S0,7560,0,86435,0.7333,0.7379,-0.0046,-0.0747,0.0657,0.0710,0.0702,R-nul,R-nul,0.3771,0.3640,0.3902,0.0177,0.3552,0.0220,1.2403,Δ-priv,B-haut,1.0000,1.0000,0.0000,1.0000,0.0000,0.9639,0.0361,Σ-epuise,Σ-epuise,Σ-epuise,Σ-epuise,Σ-epuise,True,0,SANS_OBJET,SANS_OBJET,SANS_OBJET,0.6556,0.8066,24,30
gpt2,type,S3,360,96,813,0.0074,0.0106,-0.0032,-0.0173,0.0119,0.0155,0.0146,R-nul,R-nul,-0.0062,-0.0135,0.0013,0.0131,-0.0132,0.0070,0.5374,Δ-nul,B-mort,0.9668,0.9839,-0.0171,0.9837,-0.0169,0.7774,0.1894,Σ-epuise,Σ-epuise,Σ-epuise,Σ-epuise,Σ-epuise,True,0,50.1,16.23,SANS_OBJET,0.2392,-0.0022,1,1
gpt2,type,S2,540,283,339,0.0029,0.0126,-0.0096,-0.0170,-0.0005,0.0160,0.0083,R-nul,R-ind,SANS_OBJET,SANS_OBJET,SANS_OBJET,SANS_OBJET,SANS_OBJET,SANS_OBJET,SANS_OBJET,Δ-sansobjet,B-mort,0.6578,0.6742,-0.0164,0.6707,-0.0128,0.5346,0.1232,Σ-mort,Σ-mort,Σ-mort,Σ-mort,Σ-mort,SANS_OBJET,SANS_OBJET,19.8,17.10,SANS_OBJET,0.0422,-0.0018,0,0
gpt2,type,S1,2160,841,2681,0.0157,0.0117,0.0040,-0.0106,0.0201,0.0170,0.0153,R-nul,R-nul,0.0002,-0.0107,0.0102,0.0087,-0.0069,0.0071,0.8178,Δ-nul,B-mort,0.9418,0.9299,0.0119,0.9277,0.0141,0.6834,0.2585,Σ-epuise,Σ-epuise,Σ-epuise,Σ-epuise,Σ-epuise,True,0,190.2,14.10,0.2998,0.1585,-0.0021,9,9
gpt2,type,S0,7560,3955,5083,0.0183,0.0126,0.0057,-0.0103,0.0224,0.0198,0.0164,R-nul,R-nul,0.0050,-0.0027,0.0121,0.0057,-0.0007,0.0057,0.9959,Δ-ind,B-mort,0.3923,0.3847,0.0076,0.3876,0.0047,0.4753,-0.0830,Σ-epuise,Σ-epuise,Σ-epuise,Σ-epuise,Σ-epuise,True,0,341.1,14.90,0.1660,-0.0363,-0.0016,24,30
HuggingFaceTB/SmolLM2-360M,aucun,S3,360,0,7275,0.6690,0.7010,-0.0320,-0.1120,0.0476,0.0996,0.0799,R-nul,R-nul,0.1366,0.1101,0.1640,0.0280,0.1591,-0.0225,0.8045,Δ-priv,B-haut,1.0000,1.0000,0.0000,1.0000,0.0000,0.9962,0.0038,Σ-epuise,Σ-epuise,Σ-epuise,Σ-epuise,Σ-epuise,True,0,SANS_OBJET,SANS_OBJET,SANS_OBJET,0.7886,0.8522,1,1
HuggingFaceTB/SmolLM2-360M,aucun,S2,540,0,8385,0.7445,0.7696,-0.0250,-0.0977,0.0478,0.0855,0.0728,R-nul,R-nul,SANS_OBJET,SANS_OBJET,SANS_OBJET,SANS_OBJET,SANS_OBJET,SANS_OBJET,SANS_OBJET,Δ-sansobjet,B-haut,1.0000,1.0000,0.0000,1.0000,0.0000,0.9875,0.0125,Σ-epuise,Σ-epuise,Σ-epuise,Σ-epuise,Σ-epuise,True,0,SANS_OBJET,SANS_OBJET,SANS_OBJET,0.7404,0.8524,0,0
HuggingFaceTB/SmolLM2-360M,aucun,S1,2160,0,41338,0.6878,0.7158,-0.0279,-0.1073,0.0508,0.0948,0.0790,R-nul,R-nul,0.1797,0.1581,0.2064,0.0168,0.1873,-0.0076,0.4530,Δ-priv,B-haut,1.0000,1.0000,0.0000,1.0000,0.0000,0.9950,0.0050,Σ-epuise,Σ-epuise,Σ-epuise,Σ-epuise,Σ-epuise,True,0,SANS_OBJET,SANS_OBJET,SANS_OBJET,0.7794,0.8522,9,9
HuggingFaceTB/SmolLM2-360M,aucun,S0,7560,1,117578,0.7454,0.7753,-0.0299,-0.1008,0.0412,0.0890,0.0710,R-nul,R-nul,0.3059,0.2885,0.3216,0.0142,0.3004,0.0054,0.3831,Δ-priv,B-haut,1.0000,1.0000,0.0000,1.0000,0.0000,0.9879,0.0121,Σ-epuise,Σ-epuise,Σ-epuise,Σ-epuise,Σ-epuise,True,0,SANS_OBJET,SANS_OBJET,SANS_OBJET,0.7364,0.8524,24,30
HuggingFaceTB/SmolLM2-360M,type,S3,360,122,558,0.0143,0.0095,0.0048,-0.0144,0.0234,0.0208,0.0189,R-nul,R-nul,-0.0323,-0.0476,-0.0124,0.0223,-0.0071,-0.0251,1.1269,Δ-ind,B-mort,0.9642,0.9539,0.0102,0.9553,0.0089,0.7168,0.2474,Σ-ind,Σ-ind,Σ-ind,Σ-ind,Σ-ind,SANS_OBJET,SANS_OBJET,48.2,11.57,SANS_OBJET,0.1857,0.0014,1,1
HuggingFaceTB/SmolLM2-360M,type,S2,540,272,366,0.0164,0.0103,0.0061,-0.0224,0.0371,0.0325,0.0299,R-nul,R-nul,SANS_OBJET,SANS_OBJET,SANS_OBJET,SANS_OBJET,SANS_OBJET,SANS_OBJET,SANS_OBJET,Δ-sansobjet,B-mort,0.4945,0.4479,0.0467,0.4447,0.0498,0.4889,0.0056,Σ-mort,Σ-mort,Σ-mort,Σ-mort,Σ-mort,SANS_OBJET,SANS_OBJET,26.6,13.77,SANS_OBJET,-0.0099,0.0018,0,0
HuggingFaceTB/SmolLM2-360M,type,S1,2160,789,2594,0.0146,0.0100,0.0046,-0.0099,0.0209,0.0180,0.0154,R-nul,R-nul,-0.0044,-0.0138,0.0057,0.0072,-0.0053,0.0009,0.1189,Δ-nul,B-mort,0.9187,0.9092,0.0094,0.9112,0.0075,0.6583,0.2604,Σ-epuise,Σ-epuise,Σ-epuise,Σ-epuise,Σ-epuise,True,0,195.0,13.30,0.2913,0.1489,0.0015,9,9
HuggingFaceTB/SmolLM2-360M,type,S0,7560,3936,5058,0.0160,0.0105,0.0055,-0.0079,0.0206,0.0178,0.0143,R-nul,R-nul,0.0025,-0.0053,0.0107,0.0051,-0.0015,0.0040,0.7979,Δ-ind,B-mort,0.4031,0.4066,-0.0034,0.4046,-0.0015,0.4785,-0.0753,Σ-ind,Σ-ind,Σ-ind,Σ-ind,Σ-epuise,False,1,422.8,11.96,0.1316,-0.0271,0.0018,24,30
Qwen/Qwen2.5-1.5B,aucun,S3,360,0,4629,0.5673,0.5077,0.0596,-0.0332,0.1513,0.1366,0.0923,R-nul,R-nul,0.1415,0.0892,0.2042,0.0342,0.1093,0.0322,0.9410,Δ-priv,B-haut,1.0000,1.0000,0.0000,1.0000,0.0000,0.9745,0.0255,Σ-epuise,Σ-epuise,Σ-epuise,Σ-epuise,Σ-epuise,True,0,SANS_OBJET,SANS_OBJET,SANS_OBJET,0.6635,0.7256,1,1
Qwen/Qwen2.5-1.5B,aucun,S2,540,0,5192,0.6435,0.5858,0.0577,-0.0294,0.1453,0.1323,0.0874,R-nul,R-nul,SANS_OBJET,SANS_OBJET,SANS_OBJET,SANS_OBJET,SANS_OBJET,SANS_OBJET,SANS_OBJET,Δ-sansobjet,B-haut,1.0000,1.0000,0.0000,1.0000,0.0000,0.9479,0.0521,Σ-epuise,Σ-epuise,Σ-epuise,Σ-epuise,Σ-epuise,True,0,SANS_OBJET,SANS_OBJET,SANS_OBJET,0.5934,0.7259,0,0
Qwen/Qwen2.5-1.5B,aucun,S1,2160,1,23980,0.6022,0.5454,0.0568,-0.0326,0.1490,0.1324,0.0907,R-nul,R-nul,0.2156,0.1847,0.2470,0.0211,0.1873,0.0282,1.3362,Δ-priv,B-haut,1.0000,1.0000,0.0000,1.0000,0.0000,0.9622,0.0378,Σ-epuise,Σ-epuise,Σ-epuise,Σ-epuise,Σ-epuise,True,0,SANS_OBJET,SANS_OBJET,SANS_OBJET,0.6295,0.7257,9,9
Qwen/Qwen2.5-1.5B,aucun,S0,7560,3,65595,0.6702,0.6142,0.0560,-0.0284,0.1399,0.1261,0.0841,R-nul,R-nul,0.3303,0.3135,0.3465,0.0159,0.3184,0.0119,0.7485,Δ-priv,B-haut,1.0000,1.0000,0.0000,1.0000,0.0000,0.9331,0.0669,Σ-epuise,Σ-epuise,Σ-epuise,Σ-epuise,Σ-epuise,True,0,SANS_OBJET,SANS_OBJET,SANS_OBJET,0.5666,0.7260,24,30
Qwen/Qwen2.5-1.5B,type,S3,360,120,635,0.0063,0.0089,-0.0026,-0.0139,0.0089,0.0123,0.0114,R-nul,R-nul,-0.0205,-0.0302,-0.0069,0.0179,-0.0181,-0.0024,0.1342,Δ-nul,B-mort,0.9685,0.9707,-0.0022,0.9702,-0.0017,0.7533,0.2152,Σ-epuise,Σ-epuise,Σ-epuise,Σ-epuise,Σ-epuise,True,0,56.8,11.17,SANS_OBJET,0.2127,-0.0013,1,1
Qwen/Qwen2.5-1.5B,type,S2,540,260,407,0.0049,0.0091,-0.0042,-0.0129,0.0050,0.0116,0.0090,R-nul,R-nul,SANS_OBJET,SANS_OBJET,SANS_OBJET,SANS_OBJET,SANS_OBJET,SANS_OBJET,SANS_OBJET,Δ-sansobjet,B-mort,0.6658,0.6499,0.0159,0.6487,0.0171,0.5422,0.1236,Σ-mort,Σ-mort,Σ-mort,Σ-mort,Σ-mort,SANS_OBJET,SANS_OBJET,27.6,14.77,SANS_OBJET,0.0397,-0.0009,0,0
Qwen/Qwen2.5-1.5B,type,S1,2160,886,2226,0.0130,0.0089,0.0042,-0.0090,0.0184,0.0157,0.0137,R-nul,R-nul,-0.0048,-0.0130,0.0047,0.0076,-0.0062,0.0014,0.1840,Δ-nul,B-mort,0.8931,0.8932,-0.0002,0.8941,-0.0010,0.6366,0.2565,Σ-epuise,Σ-epuise,Σ-epuise,Σ-epuise,Σ-epuise,True,0,174.5,12.76,0.3257,0.1293,-0.0011,9,9
Qwen/Qwen2.5-1.5B,type,S0,7560,3973,4966,0.0121,0.0091,0.0030,-0.0078,0.0154,0.0131,0.0115,R-nul,R-nul,0.0005,-0.0049,0.0082,0.0051,-0.0023,0.0028,0.5560,Δ-nul,B-mort,0.4104,0.4092,0.0012,0.4093,0.0011,0.4797,-0.0693,Σ-ind,Σ-ind,Σ-ind,Σ-ind,Σ-epuise,False,1,481.1,10.32,0.1140,-0.0263,-0.0007,24,30
